first_name,last_name,title,company_name,domain,linkedin_url
Jordan,Ashby,Owner,Northbridge Roasting Co,northbridgeroasting.example,http://www.linkedin.com/in/jordan-ashby-example
Priya,Kapoor,Director,Riverside Bean Works,riversidebeanworks.example,http://www.linkedin.com/in/priya-kapoor-example
Tom,Delgado,Operations Manager,Riverside Bean Works,riversidebeanworks.example,http://www.linkedin.com/in/tom-delgado-example
Sam,Okafor,Founder,Golden Bean Wholesale,goldenbeanwholesale.example,http://www.linkedin.com/in/sam-okafor-example
Lena,Fischer,General Manager,Ember & Oak Roasters,emberoakroasters.example,http://www.linkedin.com/in/lena-fischer-example
Marco,Ruiz,Production Manager,Two Rivers Coffee Traders,tworiverscoffee.example,http://www.linkedin.com/in/marco-ruiz-example
Aisha,Bello,Managing Director,Highland Roasting Collective,highlandroasting.example,http://www.linkedin.com/in/aisha-bello-example
Chris,Novak,Site Manager,Coastal Coffee Distributors,coastalcoffeedist.example,http://www.linkedin.com/in/chris-novak-example
Renee,Park,Facilities Manager,Ironbark Coffee Manufacturing,ironbarkcoffeemfg.example,http://www.linkedin.com/in/renee-park-example
