first_name,last_name,title,company_name,domain,linkedin_url,crm_status
Jordan,Ashby,Owner,Northbridge Roasting Co,northbridgeroasting.example,http://www.linkedin.com/in/jordan-ashby-example,new
Priya,Kapoor,Director,Riverside Bean Works,riversidebeanworks.example,http://www.linkedin.com/in/priya-kapoor-example,new
Tom,Delgado,Operations Manager,Riverside Bean Works,riversidebeanworks.example,http://www.linkedin.com/in/tom-delgado-example,same_company_new_person
Sam,Okafor,Founder,Golden Bean Wholesale,goldenbeanwholesale.example,http://www.linkedin.com/in/sam-okafor-example,new
Lena,Fischer,General Manager,Ember & Oak Roasters,emberoakroasters.example,http://www.linkedin.com/in/lena-fischer-example,new
Marco,Ruiz,Production Manager,Two Rivers Coffee Traders,tworiverscoffee.example,http://www.linkedin.com/in/marco-ruiz-example,new
Aisha,Bello,Managing Director,Highland Roasting Collective,highlandroasting.example,http://www.linkedin.com/in/aisha-bello-example,new
Chris,Novak,Site Manager,Coastal Coffee Distributors,coastalcoffeedist.example,http://www.linkedin.com/in/chris-novak-example,new
Renee,Park,Facilities Manager,Ironbark Coffee Manufacturing,ironbarkcoffeemfg.example,http://www.linkedin.com/in/renee-park-example,new
